name,url,username,password,note
GenshinImpact.miHoYo.com,android://GcLPKnU_lhWj9AD67-NuaLuJhFo6BA6rFh0jI_q75ZusHi5XM1aQGkuRfUrSDM9brusLTk7J12YUcChGUs_6yA==@com.miHoYo.GenshinImpact/,arahansolanki@gmail.com,sirji0412,
Reddit,android://ZQ55YqxHQIopMmkmSTqM9aEo-Te_3coMxWGFooYH8eEIbzN20y59fh7bnrCiMynmMAvDanWZqFTwouJF2yA1Ng==@com.reddit.frontpage/,H3lltryk,Helltryk2508#,
Reddit,android://ZQ55YqxHQIopMmkmSTqM9aEo-Te_3coMxWGFooYH8eEIbzN20y59fh7bnrCiMynmMAvDanWZqFTwouJF2yA1Ng==@com.reddit.frontpage/,_HELLTRYK,Helltryk2508#,
Reddit,android://ZQ55YqxHQIopMmkmSTqM9aEo-Te_3coMxWGFooYH8eEIbzN20y59fh7bnrCiMynmMAvDanWZqFTwouJF2yA1Ng==@com.reddit.frontpage/,arahanschaudhary@gmail.com,Helltryk2508#,
X,android://u0A-O7Ivuokjnqmf1ciagyiwkxqsLSrXA9ZzyIb4yGEVu5tPRfhJbn8REHGmDAUkUCGf71TqwUcwSfwFObRssA==@com.twitter.android/,@Helltryk ,Sirji0412,
X,android://u0A-O7Ivuokjnqmf1ciagyiwkxqsLSrXA9ZzyIb4yGEVu5tPRfhJbn8REHGmDAUkUCGf71TqwUcwSfwFObRssA==@com.twitter.android/,arahansolanki@gmail.com,Sirji0412,
account.samsung.com,https://account.samsung.com/,arahanschaudhary@gmail.com,Arahan#1209,
act.hoyoverse.com,https://act.hoyoverse.com/sr/event/e20230115draw-wtn7k1/index.html,arahansolanki@gmail.com ,sirji0412,
act.hoyoverse.com,https://act.hoyoverse.com/sr/event/e20230115draw-wtn7k1/index.html,arahansolnki@gmail.com ,sirji0412,
admissions.nid.edu,https://admissions.nid.edu/NIDA2025/Login.aspx,arahanschaudhary@gmail.com,Helltryk,
amazon.in,https://amazon.in/,arahanschaudhary@gmail.com,,
android.khanacademy.org,android://IwYacBmGFhO9AVLvYbO-o_hifopUbZf8ZggdricMEVaCsDGQ9BdDbmiZm36yS-9PqUPIaYWjLPuFThJOWXFcbw==@org.khanacademy.android/,krutikachaudhary9@gmail.com,khanacademy1we#,
auth.mangadex.org,https://auth.mangadex.org/realms/mangadex/protocol/openid-connect/auth,Helltryk,Mishu12#,
com.wipro,android://P5mwH8Pa22-5J1sipozEznNBmzgalvHzkosw-yF5dUYxthhgE-UfBLZaPB7AYj5CJ0VLuK8lZH2TG5VPz_nPgw==@wipro.com/,arahanschaudhary@gmail.com,Sirji0412,
coolors.co,https://coolors.co/account/general,,d*7Ty4e97PgB7rF,
discord.com,https://discord.com/,arahansolanki@gmail.com,,
discord.com,https://discord.com/login,arahansolanki@gmail.com,Helltryk2508,
duetnightabyss.dna-herogame.com,https://duetnightabyss.dna-herogame.com/survey_en.html,8034,Helltryk2508,
hkrpgoversea.HoYoverse.com,android://IphIq8rrqMdqWx8wRCyMQKvQo2iJEDCgmyzKcqYvhaIrCtaCQ-WuCCVdeWYFlFRiXjLGISbR2pzguDS-uVVQhg==@com.HoYoverse.hkrpgoversea/,arahansolanki@gmail.com,sirji0412,
hkrpgoversea.HoYoverse.com,android://IphIq8rrqMdqWx8wRCyMQKvQo2iJEDCgmyzKcqYvhaIrCtaCQ-WuCCVdeWYFlFRiXjLGISbR2pzguDS-uVVQhg==@com.HoYoverse.hkrpgoversea/,helltryk@gmail.com,sirji0412,
instapreview.sensio.com,android://qfPvBlUfbPKsF7JHB2EUciqaGRHvWDlDZzlht6-r2UOXAzzG8B8weOa3BDmycN73FtjUSXIkv_RURyHUMprYjg==@com.sensio.instapreview/,krutikalive@gmail.com,Passwerd12#,
login.live.com,https://login.live.com/,arahanschaudhary@gmail.com,Helltryk2508,
login.live.com,https://login.live.com/login.srf,arahanschaudhary@gmail.com,Helltryk2508,
myaccount.google.com,https://myaccount.google.com/u/2/signinoptions/password,arahansolanki@gmail.com,Arahan@Helltryk#2508,
myupes-beta.upes.ac.in,https://myupes-beta.upes.ac.in/oneportal/app/auth/login,arahan.23585@stu.upes.ac.in,Helltryk030607#,
profile.callofduty.com,https://profile.callofduty.com/,vivkis@gmail.com,sirji0412,
ssg.pepkit.com,android://dw-vQ8yTz6GM82X-QJoiru5aI6y7C_Zcxaz7vSQ6TvJT7MK9moC1o6JhSAzULXx1rdvLJ7I8vDstLklg9DUwbw==@com.pepkit.ssg/,krutikalive@gmail.com,5226,
sso.crunchyroll.com,https://sso.crunchyroll.com/login,vivekkishore4@gmail.com,god143vivek,
ugapplications.snu.edu.in,https://ugapplications.snu.edu.in/under-graduate-form,arahanschaudhary@gmail.com,706013,
users.nexusmods.com,https://users.nexusmods.com/auth/password/edit,,Helltryk030607,
whatsapp.com,https://whatsapp.com/,********1022,,
www.hlj.com,https://www.hlj.com/account/login/,arahanschaudhary@gmail.com,Sirji0412,
www.irctc.co.in,https://www.irctc.co.in/nget/profile/user-signup,ArahansChaudhary,Helltryk030607#,
www.khanacademy.org,https://www.khanacademy.org/login,ArahanS,Khanacademy@1,
www.mca.gov.in,https://www.mca.gov.in/content/mca/global/en/foportal/fo-user-registration.html,vivkis@gmail.com,@God143vivek,
www.mca.gov.in,https://www.mca.gov.in/content/mca/global/en/foportal/fologin.html,vivekkishore4@gmail.com,@God143vivek,
www.netflix.com,https://www.netflix.com/in/login,vivkis@gmail.com,netflix551,
www.warframe.com,https://www.warframe.com/login,arahanschaudhary@gmail.com,Sirji,
